TEAM_ID,TEAM_NAME,GP,W,L,W_PCT,MIN,FGM,FGA,FG_PCT,FG3M,FG3A,FG3_PCT,FTM,FTA,FT_PCT,OREB,DREB,REB,AST,TOV,STL,BLK,BLKA,PF,PFD,PTS,PLUS_MINUS,GP_RANK,W_RANK,L_RANK,W_PCT_RANK,MIN_RANK,FGM_RANK,FGA_RANK,FG_PCT_RANK,FG3M_RANK,FG3A_RANK,FG3_PCT_RANK,FTM_RANK,FTA_RANK,FT_PCT_RANK,OREB_RANK,DREB_RANK,REB_RANK,AST_RANK,TOV_RANK,STL_RANK,BLK_RANK,BLKA_RANK,PF_RANK,PFD_RANK,PTS_RANK,PLUS_MINUS_RANK,PTS_mean,AST_mean,REB_mean,STL_mean,BLK_mean,TOV_mean,PLUS_MINUS_mean,AGE_mean,MIN_mean,FG_PCT_mean,FG3_PCT_mean,FT_PCT_mean,SEASON
1610612737,Atlanta Hawks,67,20,47,0.299,3256.0,2723,6067,0.449,805,2416,0.333,1237,1566,0.79,661,2237,2898,1605,1086.0,523,341,428,1548,1404,7488,-534.0,23,26,28,27,23,23,23,23,18,13,30,17,21,10,23,24,24,21,24,20,16,30,22,21,23,29,443.3888888888889,98.83333333333333,190.72222222222223,29.61111111111111,23.61111111111111,64.05555555555556,-129.05555555555554,25.666666666666668,994.5388888888889,0.4400555555555556,0.2657777777777778,0.7173333333333334,2019-20
1610612738,Boston Celtics,72,48,24,0.667,3486.0,2971,6448,0.461,905,2487,0.364,1336,1668,0.801,768,2549,3317,1655,995.0,595,406,396,1553,1487,8183,454.0,11,5,5,5,13,14,12,17,11,12,13,9,13,5,5,12,8,19,11,6,4,27,23,16,10,3,481.3529411764706,97.3529411764706,195.11764705882354,35.0,23.88235294117647,55.705882352941174,133.52941176470588,25.0,1025.2941176470588,0.4756470588235294,0.28258823529411764,0.7642352941176471,2019-20
1610612751,Brooklyn Nets,72,35,37,0.486,3496.0,2908,6498,0.448,941,2746,0.343,1291,1732,0.745,766,2683,3449,1761,1099.0,464,323,379,1510,1521,8048,-41.0,11,14,14,14,11,17,8,24,9,4,26,13,9,25,7,3,3,13,27,26,20,23,18,9,17,15,365.22727272727275,80.77272727272727,156.0,20.863636363636363,14.454545454545455,47.27272727272727,-12.681818181818182,26.90909090909091,796.9049242424243,0.43595454545454543,0.2652272727272727,0.6759545454545455,2019-20
1610612766,Charlotte Hornets,65,23,42,0.354,3150.0,2425,5586,0.434,785,2231,0.352,1052,1406,0.748,715,2066,2781,1549,949.0,428,268,328,1223,1337,6687,-439.0,26,23,21,22,26,30,30,30,23,23,19,28,27,24,14,29,28,25,5,30,28,11,2,25,30,27,454.57142857142856,107.0,188.35714285714286,28.714285714285715,17.357142857142858,62.214285714285715,-150.42857142857142,24.642857142857142,1055.909642857143,0.41085714285714287,0.28250000000000003,0.7658571428571428,2019-20
1610612741,Chicago Bulls,65,22,43,0.338,3135.0,2573,5762,0.447,793,2282,0.348,1006,1332,0.755,680,2041,2721,1510,1005.0,652,265,384,1417,1246,6945,-200.0,26,24,23,24,29,28,26,26,21,20,22,29,29,21,21,30,30,28,12,1,29,24,9,30,28,22,408.52941176470586,88.82352941176471,160.05882352941177,38.35294117647059,15.588235294117647,55.94117647058823,-58.8235294117647,24.764705882352942,922.0588235294117,0.48094117647058826,0.2776470588235294,0.7305294117647059,2019-20
1610612739,Cleveland Cavaliers,65,19,46,0.292,3145.0,2619,5715,0.458,727,2070,0.351,983,1296,0.758,704,2172,2876,1500,1073.0,447,211,412,1188,1277,6948,-513.0,26,28,26,29,27,25,28,19,28,26,20,30,30,20,16,26,25,29,21,28,30,29,1,29,27,28,403.8333333333333,84.22222222222223,196.16666666666666,28.27777777777778,14.61111111111111,63.888888888888886,-140.61111111111111,24.72222222222222,909.1406481481481,0.3923888888888889,0.24116666666666667,0.5835,2019-20
1610612742,Dallas Mavericks,75,43,32,0.573,3635.0,3124,6772,0.461,1136,3095,0.367,1392,1787,0.779,791,2729,3520,1849,953.0,460,363,311,1462,1601,8776,371.0,1,12,13,13,1,2,1,16,1,2,10,7,5,14,3,2,2,9,6,27,11,7,12,4,1,6,512.3888888888889,108.94444444444444,211.22222222222223,28.166666666666668,22.944444444444443,53.166666666666664,98.33333333333333,27.22222222222222,1079.0878703703704,0.45338888888888884,0.29333333333333333,0.7870555555555555,2019-20
1610612743,Denver Nuggets,73,46,27,0.63,3549.0,3069,6488,0.473,801,2234,0.359,1185,1526,0.777,786,2436,3222,1952,1005.0,586,337,324,1485,1494,8124,154.0,3,6,6,6,3,6,9,4,19,22,15,23,23,16,4,20,15,3,12,7,18,9,16,13,12,11,484.47058823529414,114.52941176470588,195.23529411764707,34.23529411764706,20.764705882352942,55.05882352941177,30.11764705882353,25.470588235294116,1058.112549019608,0.4834117647058824,0.30317647058823527,0.7760588235294117,2019-20
1610612765,Detroit Pistons,66,20,46,0.303,3193.0,2595,5658,0.459,791,2157,0.367,1097,1476,0.743,644,2109,2753,1589,1008.0,490,299,369,1299,1308,7078,-235.0,24,26,26,26,24,26,29,18,22,25,11,25,25,26,26,28,29,22,14,24,23,22,3,26,25,23,324.6842105263158,78.52631578947368,105.89473684210526,21.263157894736842,13.368421052631579,40.63157894736842,-57.78947368421053,25.473684210526315,762.0914035087719,0.4168947368421052,0.3345789473684211,0.6291052631578947,2019-20
1610612744,Golden State Warriors,65,15,50,0.231,3145.0,2510,5730,0.438,678,2032,0.334,1214,1511,0.803,647,2138,2785,1663,969.0,534,299,321,1304,1308,6912,-566.0,26,30,30,30,27,29,27,29,29,28,29,21,24,4,25,27,27,18,8,18,23,8,4,26,29,30,305.5,77.9375,121.0,21.75,13.375,43.8125,-108.5,25.25,691.8001041666666,0.39737500000000003,0.275125,0.75,2019-20
1610612745,Houston Rockets,72,44,28,0.611,3476.0,2936,6512,0.451,1126,3261,0.345,1484,1876,0.791,704,2484,3188,1557,1057.0,627,371,354,1566,1515,8482,213.0,11,8,7,8,16,16,7,22,2,1,24,2,2,8,16,18,16,24,19,3,10,18,25,11,4,8,445.8,80.1,154.95,35.35,18.65,54.05,43.9,29.4,922.4343333333333,0.41864999999999997,0.2466,0.64405,2019-20
1610612754,Indiana Pacers,73,45,28,0.616,3524.0,3075,6457,0.476,743,2046,0.363,1096,1393,0.787,636,2489,3125,1888,967.0,543,376,335,1445,1373,7989,143.0,3,7,7,7,5,5,11,2,27,27,14,26,28,12,28,17,19,7,7,16,9,14,11,24,19,12,469.94117647058823,111.05882352941177,183.8235294117647,31.941176470588236,22.11764705882353,54.411764705882355,42.05882352941177,25.41176470588235,1036.4705882352941,0.4491764705882353,0.29029411764705887,0.6601176470588235,2019-20
1610612746,LA Clippers,72,49,23,0.681,3476.0,2992,6425,0.466,895,2410,0.371,1498,1894,0.791,767,2664,3431,1708,1051.0,511,338,338,1594,1647,8377,464.0,11,4,4,4,16,12,14,12,12,14,6,1,1,9,6,4,4,17,18,22,17,15,26,2,5,2,528.2352941176471,101.3529411764706,201.76470588235293,28.647058823529413,18.705882352941178,59.94117647058823,126.23529411764706,27.764705882352942,1018.2040196078432,0.4708235294117647,0.34523529411764703,0.7645882352941176,2019-20
1610612747,Los Angeles Lakers,71,52,19,0.732,3418.0,3006,6269,0.48,782,2242,0.349,1260,1728,0.729,757,2490,3247,1803,1077.0,612,468,263,1471,1544,8054,411.0,21,3,2,3,22,8,19,1,24,21,21,16,10,28,9,16,12,11,22,4,1,1,15,8,16,5,466.3333333333333,103.38888888888889,188.0,35.0,26.555555555555557,61.388888888888886,109.83333333333333,28.77777777777778,981.0910185185185,0.4956666666666667,0.3205,0.6949444444444445,2019-20
1610612763,Memphis Grizzlies,73,34,39,0.466,3514.0,3106,6634,0.468,798,2297,0.347,1212,1589,0.763,754,2643,3397,1965,1113.0,576,398,386,1546,1474,8222,-78.0,3,16,15,16,9,4,4,7,20,19,23,22,20,19,10,5,5,2,29,9,5,25,21,17,9,17,472.2352941176471,109.88235294117646,198.7058823529412,31.88235294117647,24.823529411764707,62.0,-23.764705882352942,24.88235294117647,993.3037254901961,0.4662352941176471,0.36623529411764705,0.7373529411764705,2019-20
1610612748,Miami Heat,73,44,29,0.603,3549.0,2880,6160,0.468,979,2584,0.379,1440,1840,0.783,620,2619,3239,1892,1088.0,547,332,302,1501,1584,8179,215.0,3,8,11,11,3,20,20,10,6,7,2,4,3,13,29,6,13,5,25,15,19,4,17,7,11,7,480.3333333333333,113.5,195.77777777777777,34.0,18.5,59.44444444444444,45.05555555555556,26.944444444444443,1071.795648148148,0.45249999999999996,0.2835,0.6148333333333333,2019-20
1610612749,Milwaukee Bucks,73,56,17,0.767,3519.0,3160,6638,0.476,1007,2840,0.355,1336,1800,0.742,691,3083,3774,1889,1102.0,526,429,326,1431,1586,8663,736.0,3,1,1,1,6,1,3,3,3,3,18,9,4,27,19,1,1,6,28,19,3,10,10,6,2,1,557.0,120.0625,241.4375,34.5,27.875,68.0625,220.3125,29.5,1144.4963541666666,0.45825,0.325,0.7356875,2019-20
1610612750,Minnesota Timberwolves,64,19,45,0.297,3112.0,2586,5865,0.441,853,2540,0.336,1223,1624,0.753,675,2193,2868,1525,981.0,555,362,355,1370,1383,7248,-275.0,30,28,24,28,30,27,25,28,14,8,28,20,19,23,22,25,26,26,9,13,12,19,6,23,24,24,350.4117647058824,70.82352941176471,130.64705882352942,25.941176470588236,15.470588235294118,46.529411764705884,-77.76470588235294,24.058823529411764,755.6558823529411,0.4293529411764706,0.28723529411764703,0.7762941176470588,2019-20
1610612740,New Orleans Pelicans,72,30,42,0.417,3486.0,3065,6598,0.465,982,2656,0.37,1229,1687,0.729,797,2551,3348,1932,1181.0,539,358,348,1524,1519,8341,-93.0,11,21,21,21,13,7,5,13,5,6,7,19,11,29,1,11,7,4,30,17,13,17,19,10,6,20,490.6470588235294,113.6470588235294,196.94117647058823,31.705882352941178,21.058823529411764,67.23529411764706,-27.352941176470587,25.235294117647058,1025.2941176470588,0.4924117647058824,0.3065294117647059,0.5852941176470587,2019-20
1610612752,New York Knicks,66,21,45,0.318,3193.0,2638,5896,0.447,631,1872,0.337,1076,1550,0.694,795,2274,3069,1456,946.0,504,313,333,1464,1305,6983,-426.0,24,25,24,25,24,24,24,25,30,30,27,27,22,30,2,23,21,30,3,23,21,13,13,28,26,26,363.27777777777777,83.38888888888889,171.66666666666666,29.77777777777778,18.333333333333332,51.111111111111114,-111.16666666666667,24.88888888888889,893.9883333333333,0.4202777777777778,0.2638888888888889,0.6713888888888889,2019-20
1610612760,Oklahoma City Thunder,72,44,28,0.611,3486.0,2879,6156,0.468,770,2171,0.355,1422,1787,0.796,593,2495,3088,1562,986.0,550,353,290,1390,1641,7950,143.0,11,8,7,8,13,21,21,8,25,24,17,5,5,7,30,15,20,23,10,14,15,2,8,3,20,12,467.11764705882354,91.76470588235294,181.35294117647058,32.35294117647059,20.764705882352942,54.88235294117647,43.0,25.058823529411764,1023.8681372549021,0.3932941176470588,0.2898235294117647,0.6343529411764707,2019-20
1610612753,Orlando Magic,73,33,40,0.452,3514.0,2871,6468,0.444,807,2354,0.343,1282,1656,0.774,751,2498,3249,1747,937.0,599,396,338,1336,1420,7831,-74.0,3,18,19,18,9,22,10,27,17,15,25,14,15,17,12,14,11,15,2,5,6,15,5,20,22,16,430.8421052631579,94.73684210526316,181.0,32.8421052631579,21.94736842105263,48.526315789473685,-17.94736842105263,26.210526315789473,976.7411403508771,0.4116315789473684,0.2886315789473684,0.7074736842105264,2019-20
1610612755,Philadelphia 76ers,73,43,30,0.589,3519.0,3000,6417,0.468,848,2307,0.368,1236,1638,0.755,764,2553,3317,1884,1037.0,586,389,294,1529,1493,8084,174.0,3,12,12,12,6,10,15,11,15,18,9,18,17,22,8,10,8,8,16,7,8,3,20,14,15,10,535.9411764705883,119.82352941176471,213.2941176470588,38.529411764705884,24.058823529411764,63.05882352941177,16.823529411764707,26.352941176470587,1150.722156862745,0.43770588235294117,0.3164117647058824,0.7364117647058823,2019-20
1610612756,Phoenix Suns,73,34,39,0.466,3519.0,3006,6429,0.468,831,2320,0.358,1451,1740,0.834,712,2465,3177,1987,1077.0,559,290,401,1609,1653,8294,16.0,3,16,15,16,6,8,13,9,16,17,16,3,8,1,15,19,17,1,22,11,27,28,29,1,7,14,477.52941176470586,113.94117647058823,183.88235294117646,32.23529411764706,16.58823529411765,59.705882352941174,10.588235294117647,24.41176470588235,1005.0649019607843,0.4411764705882353,0.2938235294117647,0.8099999999999999,2019-20
1610612757,Portland Trail Blazers,74,35,39,0.473,3567.0,3122,6749,0.463,952,2525,0.377,1312,1632,0.804,754,2599,3353,1525,946.0,465,451,364,1606,1488,8508,-85.0,2,14,15,15,2,3,2,14,8,10,3,12,18,3,10,7,6,26,3,25,2,21,28,15,3,19,504.0625,90.5,191.5625,27.75,24.4375,53.0,-24.0,25.4375,1029.8673958333334,0.4670625,0.29775,0.7329375,2019-20
1610612758,Sacramento Kings,72,31,41,0.431,3491.0,2943,6364,0.462,914,2511,0.364,1127,1464,0.77,695,2372,3067,1713,1043.0,556,293,304,1595,1404,7927,-147.0,11,20,20,20,12,15,16,15,10,11,12,24,26,18,18,21,22,16,17,12,25,5,27,21,21,21,483.1111111111111,100.05555555555556,184.38888888888889,33.611111111111114,18.555555555555557,58.833333333333336,-48.27777777777778,26.0,1036.1941666666667,0.48433333333333334,0.23155555555555557,0.7116666666666667,2019-20
1610612759,San Antonio Spurs,71,32,39,0.451,3443.0,2995,6350,0.472,760,2021,0.376,1348,1664,0.81,640,2530,3170,1751,895.0,518,390,308,1377,1424,8098,-79.0,21,19,15,19,21,11,17,5,26,29,4,8,14,2,27,13,18,14,1,21,7,6,7,19,14,18,474.4117647058824,102.3529411764706,184.64705882352942,30.352941176470587,22.823529411764707,50.470588235294116,-24.352941176470587,26.11764705882353,1004.7078431372548,0.4583529411764706,0.34247058823529414,0.7196470588235294,2019-20
1610612761,Toronto Raptors,72,53,19,0.736,3476.0,2897,6331,0.458,995,2663,0.374,1329,1670,0.796,685,2583,3268,1816,1067.0,636,358,395,1559,1466,8118,449.0,11,2,2,2,16,18,18,20,4,5,5,11,12,6,20,8,10,10,20,2,13,26,24,18,13,4,451.0,101.05555555555556,181.66666666666666,35.388888888888886,19.88888888888889,56.166666666666664,125.27777777777777,25.944444444444443,966.5274999999999,0.44505555555555554,0.36044444444444446,0.7482777777777777,2019-20
1610612762,Utah Jazz,72,44,28,0.611,3471.0,2886,6130,0.471,963,2537,0.38,1278,1641,0.779,656,2577,3233,1615,1089.0,438,292,329,1468,1501,8013,178.0,11,8,7,8,19,19,22,6,7,9,1,15,16,15,24,9,14,20,26,29,26,12,14,12,18,9,454.3888888888889,92.11111111111111,178.27777777777777,24.555555555555557,16.0,58.166666666666664,50.94444444444444,26.166666666666668,965.7889814814815,0.434,0.31555555555555553,0.7211111111111111,2019-20
1610612764,Washington Wizards,72,25,47,0.347,3471.0,2990,6544,0.457,864,2345,0.368,1394,1770,0.788,732,2295,3027,1801,1020.0,574,309,363,1634,1601,8238,-336.0,11,22,28,23,19,13,6,21,13,16,8,6,7,11,13,22,23,12,15,10,22,20,30,4,8,25,395.9047619047619,91.61904761904762,146.61904761904762,28.523809523809526,14.619047619047619,49.04761904761905,-80.95238095238095,25.61904761904762,853.5527777777778,0.44585714285714284,0.3138095238095238,0.7157142857142856,2019-20
1610612737,Atlanta Hawks,72,41,31,0.569,3481.0,2937,6281,0.468,895,2402,0.373,1417,1745,0.812,760,2525,3285,1737,953.0,503,342,363,1392,1422,8186,167.0,1,11,11,11,11,19,23,17,17,19,12,2,4,5,7,10,5,19,9,24,17,17,18,9,13,9,505.29411764705884,105.05882352941177,195.1764705882353,30.764705882352942,20.235294117647058,55.35294117647059,56.88235294117647,25.352941176470587,1054.185,0.4348235294117647,0.27464705882352947,0.8003529411764706,2020-21
1610612738,Boston Celtics,72,36,36,0.5,3476.0,2985,6401,0.466,979,2618,0.374,1160,1496,0.775,765,2421,3186,1689,1012.0,556,383,334,1471,1389,8109,105.0,1,16,16,16,16,13,11,19,11,10,10,25,25,16,4,22,15,25,16,13,6,11,24,13,16,13,435.94444444444446,84.66666666666667,185.27777777777777,29.11111111111111,22.666666666666668,50.22222222222222,-10.61111111111111,24.77777777777778,920.6065740740742,0.4799444444444444,0.26716666666666666,0.7226111111111111,2020-21
1610612751,Brooklyn Nets,72,48,24,0.667,3481.0,3106,6289,0.494,1020,2600,0.392,1305,1623,0.804,640,2559,3199,1929,975.0,484,379,330,1371,1361,8537,324.0,1,4,4,4,11,6,21,1,7,12,2,5,8,6,27,5,14,7,13,27,7,9,13,18,2,7,419.23809523809524,96.28571428571429,153.0952380952381,23.095238095238095,17.571428571428573,46.04761904761905,64.57142857142857,28.238095238095237,854.0223015873016,0.4283809523809524,0.27695238095238095,0.7087142857142857,2020-21
1610612766,Charlotte Hornets,72,33,39,0.458,3471.0,2875,6324,0.455,985,2666,0.369,1146,1505,0.761,762,2389,3151,1933,1069.0,565,344,347,1298,1340,7881,-139.0,1,19,19,19,19,22,20,22,10,9,14,26,24,21,6,25,19,5,24,10,16,14,5,21,23,23,474.47058823529414,119.52941176470588,189.23529411764707,34.76470588235294,20.58823529411765,62.23529411764706,-41.470588235294116,24.705882352941178,1057.655294117647,0.46029411764705885,0.28441176470588236,0.7131176470588235,2020-21
1610612741,Chicago Bulls,72,31,41,0.431,3476.0,3035,6380,0.476,904,2446,0.37,995,1258,0.791,693,2544,3237,1927,1089.0,482,304,364,1362,1277,7969,-64.0,1,21,21,21,16,10,14,9,16,17,13,30,30,11,19,8,11,8,27,28,27,18,10,30,21,20,526.6470588235294,122.11764705882354,214.8235294117647,31.941176470588236,18.88235294117647,65.94117647058823,-31.88235294117647,26.41176470588235,1119.6153921568628,0.46758823529411764,0.29770588235294115,0.6781764705882353,2020-21
1610612739,Cleveland Cavaliers,72,22,50,0.306,3486.0,2778,6175,0.45,720,2141,0.336,1200,1614,0.743,751,2327,3078,1716,1114.0,559,325,425,1308,1451,7476,-608.0,1,26,26,26,6,29,28,25,29,28,30,14,9,26,10,28,24,21,29,12,20,29,7,6,30,28,339.85714285714283,78.9047619047619,134.0,25.047619047619047,14.523809523809524,46.19047619047619,-130.47619047619048,25.476190476190474,811.3298412698413,0.4152380952380953,0.2691904761904762,0.7337619047619048,2020-21
1610612742,Dallas Mavericks,72,42,30,0.583,3461.0,2958,6287,0.47,994,2744,0.362,1186,1524,0.778,657,2463,3120,1647,869.0,450,311,264,1396,1446,8096,163.0,1,8,8,8,24,18,22,13,8,6,18,18,20,15,25,17,21,26,3,30,26,2,19,7,17,11,482.0,97.17647058823529,182.2941176470588,25.58823529411765,16.941176470588236,48.35294117647059,52.705882352941174,26.58823529411765,1019.4856862745099,0.44682352941176473,0.2780588235294118,0.7534705882352941,2020-21
1610612743,Denver Nuggets,72,47,25,0.653,3496.0,3114,6422,0.485,927,2462,0.377,1129,1406,0.803,758,2442,3200,1933,972.0,582,323,325,1374,1379,8284,355.0,1,5,5,5,1,4,9,4,15,16,8,27,27,7,8,19,13,5,12,8,21,7,14,15,8,6,485.1111111111111,114.5,189.38888888888889,33.05555555555556,19.833333333333332,56.44444444444444,82.27777777777777,26.555555555555557,1006.9814814814815,0.42816666666666664,0.32466666666666666,0.7224444444444444,2020-21
1610612765,Detroit Pistons,72,20,52,0.278,3486.0,2783,6162,0.452,832,2370,0.351,1278,1683,0.759,694,2381,3075,1743,1075.0,531,371,419,1477,1469,7676,-322.0,1,29,29,29,6,28,29,24,22,21,22,7,5,24,18,26,25,18,25,17,8,28,26,5,27,25,428.0,91.47058823529412,174.8235294117647,28.647058823529413,21.235294117647058,56.88235294117647,-97.47058823529412,24.294117647058822,972.0524509803921,0.47252941176470586,0.32888235294117646,0.7200588235294118,2020-21
1610612744,Golden State Warriors,72,39,33,0.542,3461.0,2973,6347,0.468,1048,2789,0.376,1193,1520,0.785,574,2524,3098,1991,1080.0,587,342,312,1526,1406,8187,76.0,1,14,14,14,24,15,17,14,3,5,9,16,21,13,30,12,22,1,26,6,17,6,28,11,12,14,471.52941176470586,111.58823529411765,179.47058823529412,33.1764705882353,19.941176470588236,60.0,21.235294117647058,25.705882352941178,985.1211764705884,0.4692941176470588,0.33488235294117646,0.6964705882352941,2020-21
1610612745,Houston Rockets,72,17,55,0.236,3461.0,2826,6372,0.444,992,2923,0.339,1189,1606,0.74,671,2396,3067,1699,1060.0,546,361,378,1407,1388,7833,-569.0,1,30,30,30,24,25,15,28,9,3,28,17,10,27,23,24,27,24,23,14,14,21,21,14,24,27,325.6363636363636,70.54545454545455,126.77272727272727,22.545454545454547,14.909090909090908,41.0,-97.13636363636364,26.0,726.493409090909,0.443,0.29468181818181816,0.643090909090909,2020-21
1610612754,Indiana Pacers,72,34,38,0.472,3491.0,3115,6567,0.474,889,2445,0.364,1183,1493,0.792,648,2424,3072,1973,975.0,611,460,380,1453,1306,8302,-3.0,1,17,17,17,4,3,3,11,18,18,17,20,26,9,26,21,26,2,13,5,1,23,22,26,6,17,439.1578947368421,105.63157894736842,161.73684210526315,32.05263157894737,24.42105263157895,49.73684210526316,0.42105263157894735,25.63157894736842,920.4822807017545,0.44384210526315787,0.27010526315789474,0.8266315789473684,2020-21
1610612746,LA Clippers,72,47,25,0.653,3456.0,3009,6242,0.482,1027,2498,0.411,1164,1387,0.839,678,2501,3179,1756,949.0,509,295,304,1383,1303,8209,445.0,1,5,5,5,30,12,25,5,6,14,1,24,28,1,21,14,17,17,7,20,29,5,17,27,10,2,446.55555555555554,98.16666666666667,185.0,28.38888888888889,17.166666666666668,50.166666666666664,114.05555555555556,28.0,956.4818518518518,0.45405555555555555,0.374,0.7755555555555556,2020-21
1610612747,Los Angeles Lakers,72,42,30,0.583,3491.0,2925,6197,0.472,796,2248,0.354,1241,1679,0.739,695,2490,3185,1775,1095.0,562,386,327,1377,1530,7887,201.0,1,8,8,8,4,21,27,12,25,24,21,11,6,28,17,15,16,15,28,11,5,8,16,3,22,8,499.1764705882353,109.47058823529412,209.23529411764707,36.470588235294116,24.11764705882353,68.29411764705883,48.1764705882353,28.470588235294116,1090.6035294117646,0.4429411764705882,0.2681764705882353,0.651235294117647,2020-21
1610612763,Memphis Grizzlies,72,38,34,0.528,3481.0,3085,6608,0.467,803,2258,0.356,1184,1536,0.771,803,2543,3346,1938,957.0,655,364,377,1349,1318,8157,74.0,1,15,15,15,11,7,2,18,24,23,20,19,17,18,2,9,4,4,10,1,12,20,9,25,15,15,469.6470588235294,112.29411764705883,191.05882352941177,37.529411764705884,20.58823529411765,52.588235294117645,22.352941176470587,24.294117647058822,1001.9816666666666,0.438,0.3104117647058824,0.754,2020-21
1610612748,Miami Heat,72,40,32,0.556,3476.0,2824,6029,0.468,932,2606,0.358,1201,1520,0.79,579,2409,2988,1895,1013.0,569,286,287,1363,1414,7781,2.0,1,13,13,13,16,26,30,15,14,11,19,13,21,12,29,23,29,9,17,9,30,4,12,10,25,16,471.1764705882353,115.47058823529412,171.58823529411765,33.294117647058826,15.529411764705882,57.470588235294116,-7.352941176470588,28.88235294117647,1012.5785294117646,0.4945294117647059,0.2857058823529412,0.6931176470588235,2020-21
1610612749,Milwaukee Bucks,72,46,26,0.639,3466.0,3221,6610,0.487,1038,2669,0.389,1169,1539,0.76,741,2724,3465,1834,995.0,585,334,348,1244,1320,8649,424.0,1,7,7,7,22,1,1,3,5,8,5,23,16,23,12,1,2,14,15,7,19,15,2,24,1,3,471.57894736842104,98.94736842105263,191.42105263157896,33.21052631578947,18.57894736842105,54.36842105263158,101.89473684210526,27.36842105263158,974.8522807017544,0.4314210526315789,0.33968421052631576,0.746,2020-21
1610612750,Minnesota Timberwolves,72,23,49,0.319,3481.0,2932,6546,0.448,944,2706,0.349,1265,1662,0.761,757,2376,3133,1846,1027.0,632,398,398,1507,1432,8073,-400.0,1,25,25,25,11,20,6,27,12,7,25,8,7,22,9,27,20,11,19,3,3,26,27,8,18,26,504.5625,115.375,195.8125,39.5,24.875,61.4375,-125.0,23.8125,1087.8125,0.421875,0.2845625,0.692625,2020-21
1610612740,New Orleans Pelicans,72,31,41,0.431,3486.0,3060,6412,0.477,762,2190,0.348,1369,1878,0.729,845,2568,3413,1872,1052.0,545,315,426,1295,1534,8251,-21.0,1,21,21,21,6,9,10,7,27,25,26,4,2,29,1,3,3,10,22,15,24,30,4,2,9,18,452.0,103.5,190.5,30.833333333333332,18.72222222222222,55.55555555555556,-11.055555555555555,25.166666666666668,962.801111111111,0.41544444444444445,0.27205555555555555,0.6422222222222222,2020-21
1610612752,New York Knicks,72,41,31,0.569,3486.0,2839,6225,0.456,847,2163,0.392,1181,1506,0.784,696,2554,3250,1541,932.0,507,365,391,1473,1286,7706,166.0,1,11,11,11,6,24,26,21,21,27,3,21,23,14,16,7,9,29,6,21,11,25,25,29,26,10,485.1875,97.4375,202.25,31.875,23.25,55.25,50.5625,25.9375,1082.8827083333333,0.4281875,0.254875,0.6928125,2020-21
1610612760,Oklahoma City Thunder,72,22,50,0.306,3471.0,2795,6338,0.441,857,2529,0.339,1113,1536,0.725,715,2568,3283,1588,1162.0,504,316,378,1305,1336,7560,-766.0,1,26,26,26,19,27,19,29,20,13,29,29,17,30,14,3,6,27,30,23,23,21,6,23,28,30,399.8333333333333,88.83333333333333,155.27777777777777,26.166666666666668,14.333333333333334,59.833333333333336,-171.05555555555554,23.833333333333332,903.9192592592593,0.4321111111111111,0.2811666666666667,0.7548888888888888,2020-21
1610612753,Orlando Magic,72,21,51,0.292,3466.0,2754,6423,0.429,784,2288,0.343,1196,1543,0.775,747,2525,3272,1571,924.0,496,318,385,1237,1342,7488,-670.0,1,28,28,28,22,30,8,30,26,22,27,15,15,17,11,10,7,28,5,25,22,24,1,20,29,29,278.04545454545456,59.09090909090909,120.63636363636364,19.5,11.863636363636363,33.95454545454545,-127.0909090909091,24.636363636363637,682.8760606060606,0.4235909090909091,0.3260909090909091,0.7338181818181817,2020-21
1610612755,Philadelphia 76ers,72,49,23,0.681,3486.0,2981,6257,0.476,811,2169,0.374,1409,1836,0.767,722,2522,3244,1706,1040.0,655,447,335,1456,1509,8182,402.0,1,3,3,3,6,14,24,8,23,26,11,3,3,20,13,13,10,22,21,1,2,12,23,4,14,5,405.1904761904762,85.76190476190476,158.61904761904762,32.333333333333336,21.142857142857142,49.523809523809526,81.61904761904762,26.714285714285715,878.6409523809523,0.4177142857142857,0.292,0.6602857142857143,2020-21
1610612756,Phoenix Suns,72,51,21,0.708,3496.0,3118,6357,0.49,940,2490,0.378,1124,1347,0.834,630,2462,3092,1939,902.0,517,312,258,1374,1294,8300,419.0,1,2,2,2,1,2,16,2,13,15,7,28,29,2,28,18,23,3,4,19,25,1,14,28,7,4,520.1875,121.9375,194.8125,32.8125,19.625,53.9375,129.625,26.75,1099.2173958333333,0.4603125,0.35025,0.7815,2020-21
1610612757,Portland Trail Blazers,72,42,30,0.583,3461.0,2973,6558,0.453,1132,2939,0.385,1282,1558,0.823,766,2441,3207,1531,799.0,496,363,333,1362,1374,8360,129.0,1,8,8,8,24,15,4,23,2,2,6,6,13,3,3,20,12,30,1,25,13,10,10,16,5,12,559.3333333333334,100.2,211.26666666666668,32.4,24.066666666666666,52.666666666666664,48.2,26.333333333333332,1106.2656666666667,0.45053333333333334,0.3025333333333334,0.7229333333333334,2020-21
1610612758,Sacramento Kings,72,31,41,0.431,3461.0,3067,6382,0.481,874,2400,0.364,1181,1585,0.745,674,2307,2981,1836,963.0,543,358,336,1400,1348,8189,-265.0,1,21,21,21,24,8,13,6,19,20,16,21,11,25,22,30,30,12,11,16,15,13,20,19,11,24,439.8421052631579,100.36842105263158,160.94736842105263,29.94736842105263,20.473684210526315,49.526315789473685,-63.63157894736842,24.94736842105263,927.1720175438596,0.4839473684210526,0.3374210526315789,0.7566315789473684,2020-21
1610612759,San Antonio Spurs,72,33,39,0.458,3496.0,3014,6518,0.462,716,2046,0.35,1254,1584,0.792,669,2489,3158,1759,821.0,505,366,369,1293,1338,7998,-125.0,1,19,19,19,1,11,7,20,30,30,24,9,12,10,24,16,18,16,2,22,10,19,3,22,20,21,471.05882352941177,104.3529411764706,190.1764705882353,31.11764705882353,21.88235294117647,47.470588235294116,-37.0,25.235294117647058,1046.6912745098039,0.46594117647058825,0.3604117647058823,0.7757058823529411,2020-21
1610612761,Toronto Raptors,72,27,45,0.375,3461.0,2859,6383,0.448,1041,2831,0.368,1252,1536,0.815,680,2314,2994,1735,952.0,618,388,402,1526,1405,8011,-34.0,1,24,24,24,24,23,12,26,4,4,15,10,17,4,20,29,28,20,8,4,4,27,28,12,19,19,439.72222222222223,98.16666666666667,176.5,35.55555555555556,22.5,47.94444444444444,-16.666666666666668,26.27777777777778,1011.4687962962962,0.47411111111111115,0.30633333333333335,0.7875000000000001,2020-21
1610612762,Utah Jazz,72,52,20,0.722,3471.0,2971,6344,0.468,1205,3098,0.389,1235,1546,0.799,765,2709,3474,1703,1023.0,474,371,282,1335,1365,8382,666.0,1,1,1,1,19,17,18,16,1,1,4,12,14,8,4,2,1,23,18,29,8,3,8,17,4,1,496.2352941176471,100.17647058823529,205.05882352941177,27.88235294117647,21.823529411764707,57.294117647058826,197.41176470588235,27.294117647058822,1028.9114705882353,0.45541176470588235,0.3053529411764706,0.8324117647058823,2020-21
1610612764,Washington Wizards,72,34,38,0.472,3481.0,3108,6547,0.475,733,2088,0.351,1449,1884,0.769,697,2557,3254,1835,1036.0,528,297,348,1555,1586,8398,-132.0,1,17,17,17,11,5,5,10,28,29,23,1,1,19,15,6,8,13,20,18,28,15,30,1,3,22,460.6666666666667,100.16666666666667,179.72222222222223,28.5,17.88888888888889,55.44444444444444,-34.666666666666664,26.0,955.4531481481481,0.44900000000000007,0.3075555555555555,0.7093333333333334,2020-21
1610612737,Atlanta Hawks,82,43,39,0.524,3941.0,3401,7241,0.47,1056,2821,0.374,1485,1829,0.812,823,2783,3606,2017,972.0,587,348,367,1534,1668,9343,128.0,1,16,16,16,30,11,13,7,11,18,2,3,11,4,17,17,20,15,1,22,23,10,7,6,6,14,426.57142857142856,93.80952380952381,167.85714285714286,26.19047619047619,16.047619047619047,42.0,35.285714285714285,26.142857142857142,901.1660317460318,0.42647619047619045,0.2956190476190476,0.6713333333333333,2021-22
1610612738,Boston Celtics,82,51,31,0.622,3981.0,3341,7167,0.466,1085,3044,0.356,1397,1713,0.816,863,2915,3778,2036,1118.0,591,478,376,1521,1592,9164,597.0,1,6,6,6,2,13,18,15,8,9,14,14,24,2,11,4,5,14,13,19,2,11,5,20,12,2,404.8636363636364,93.36363636363636,169.1818181818182,25.636363636363637,22.636363636363637,47.0,121.5909090909091,27.227272727272727,869.0250757575758,0.46481818181818185,0.2971818181818182,0.5776818181818182,2021-22
1610612751,Brooklyn Nets,82,44,38,0.537,3951.0,3442,7251,0.475,940,2602,0.361,1434,1781,0.805,844,2796,3640,2071,1153.0,582,448,403,1670,1616,9258,64.0,1,14,14,14,19,5,12,4,24,28,10,10,14,6,14,15,13,10,17,24,5,21,22,16,9,15,514.1176470588235,104.47058823529412,209.7058823529412,32.705882352941174,25.11764705882353,56.8235294117647,23.352941176470587,28.470588235294116,1108.2896078431372,0.47182352941176475,0.27858823529411764,0.7185294117647059,2021-22
1610612766,Charlotte Hornets,82,43,39,0.524,3976.0,3508,7497,0.468,1143,3130,0.365,1298,1753,0.74,888,2767,3655,2302,1087.0,707,402,377,1629,1609,9457,36.0,1,16,16,16,3,4,3,11,5,6,6,25,19,27,9,21,12,1,10,5,11,12,18,18,4,16,586.5294117647059,135.88235294117646,230.0,41.411764705882355,25.0,62.35294117647059,18.470588235294116,25.11764705882353,1210.7787254901962,0.44,0.27276470588235296,0.658235294117647,2021-22
1610612741,Chicago Bulls,82,46,36,0.561,3946.0,3422,7127,0.48,872,2364,0.369,1436,1766,0.813,711,2760,3471,1958,1053.0,585,336,410,1540,1489,9152,-32.0,1,12,12,12,24,7,20,3,29,30,4,9,17,3,29,22,28,19,6,23,25,24,8,28,13,20,467.65,98.55,181.0,29.85,17.55,50.9,-7.8,25.65,1008.6512500000001,0.44915000000000005,0.298,0.6830499999999999,2021-22
1610612739,Cleveland Cavaliers,82,44,38,0.537,3946.0,3255,6940,0.469,953,2686,0.355,1376,1810,0.76,837,2786,3623,2064,1181.0,580,343,380,1433,1638,8839,174.0,1,14,14,14,24,21,29,9,20,22,15,18,12,21,16,16,15,11,22,26,24,15,1,11,25,13,418.8181818181818,95.22727272727273,168.8181818181818,26.181818181818183,16.727272727272727,51.0,22.863636363636363,26.045454545454547,925.7304545454546,0.4645909090909091,0.22595454545454546,0.6745,2021-22
1610612742,Dallas Mavericks,82,52,30,0.634,3951.0,3222,6982,0.461,1073,3063,0.35,1341,1739,0.771,759,2769,3528,1918,1025.0,552,325,300,1612,1645,8858,271.0,1,5,5,5,19,25,27,18,10,8,19,22,22,16,24,20,24,25,3,29,28,1,14,10,24,8,420.42857142857144,100.0952380952381,163.42857142857142,26.333333333333332,12.666666666666666,46.19047619047619,56.857142857142854,27.095238095238095,961.5305555555556,0.3914761904761905,0.2917619047619048,0.7487619047619047,2021-22
1610612743,Denver Nuggets,82,48,34,0.585,3961.0,3416,7079,0.483,1039,2944,0.353,1372,1725,0.795,752,2865,3617,2279,1189.0,592,305,392,1639,1632,9243,189.0,1,10,10,10,8,8,23,2,14,13,16,19,23,8,25,9,17,3,26,18,29,17,20,13,10,11,487.4,116.7,188.35,31.3,15.8,59.2,46.95,27.2,1035.917,0.43479999999999996,0.3318,0.78175,2021-22
1610612765,Detroit Pistons,82,23,59,0.28,3956.0,3129,7267,0.431,925,2838,0.326,1413,1806,0.782,900,2625,3525,1924,1163.0,630,393,427,1799,1625,8596,-633.0,1,28,28,28,13,29,11,29,26,16,29,13,13,13,8,29,25,24,20,10,14,26,30,14,28,26,324.72,74.32,135.56,24.2,14.4,41.64,-119.48,24.52,758.3371333333333,0.366,0.25204,0.68676,2021-22
1610612744,Golden State Warriors,82,53,29,0.646,3946.0,3323,7087,0.469,1176,3231,0.364,1280,1665,0.769,800,2930,3730,2223,1221.0,719,372,317,1723,1474,9102,454.0,1,3,3,3,24,17,21,10,3,3,8,26,26,17,20,2,7,5,29,4,18,2,27,29,15,5,568.5,138.75,232.6875,44.9375,23.1875,73.3125,140.8125,28.25,1231.3916666666667,0.4719375,0.313625,0.7566875,2021-22
1610612745,Houston Rockets,82,20,62,0.244,3951.0,3229,7083,0.456,1105,3170,0.349,1434,2010,0.713,786,2660,3446,1932,1351.0,600,382,474,1692,1812,8997,-695.0,1,30,30,30,19,24,22,24,7,4,21,10,1,30,21,28,30,23,30,17,15,28,26,1,19,29,561.8125,124.0,208.1875,37.125,22.5,79.75,-187.9375,23.8125,1202.3379166666666,0.43925,0.3210625,0.678875,2021-22
1610612754,Indiana Pacers,82,25,57,0.305,3976.0,3398,7338,0.463,997,2899,0.344,1347,1754,0.768,925,2671,3596,2081,1183.0,582,457,401,1675,1575,9140,-285.0,1,26,26,26,3,12,7,17,16,15,25,20,18,19,5,26,21,9,23,24,4,20,24,22,14,24,413.15,106.7,153.45,29.5,21.15,53.45,-57.0,25.55,897.9309166666666,0.43055000000000004,0.27145,0.6575,2021-22
1610612746,LA Clippers,82,42,40,0.512,3956.0,3285,7170,0.458,1047,2802,0.374,1273,1606,0.793,747,2860,3607,1969,1126.0,608,406,339,1528,1515,8890,2.0,1,18,18,18,13,20,17,21,12,20,3,27,30,9,26,10,19,16,14,15,8,6,6,26,23,18,573.625,114.0625,227.0,39.5625,26.6875,62.6875,-21.3125,27.375,1302.7201041666667,0.4479375,0.342625,0.7905625,2021-22
1610612747,Los Angeles Lakers,82,33,49,0.402,3996.0,3415,7279,0.469,982,2826,0.347,1380,1884,0.732,782,2826,3608,1968,1191.0,626,425,338,1654,1647,9192,-250.0,1,23,23,23,1,9,10,8,18,17,22,17,9,29,23,12,18,17,27,11,7,5,21,9,11,22,436.3809523809524,93.23809523809524,163.47619047619048,29.285714285714285,18.761904761904763,53.666666666666664,-55.857142857142854,29.19047619047619,939.0698412698413,0.4438095238095238,0.297047619047619,0.6586190476190475,2021-22
1610612763,Memphis Grizzlies,82,56,26,0.683,3956.0,3571,7739,0.461,945,2679,0.353,1393,1898,0.734,1159,2873,4032,2131,1082.0,800,533,496,1620,1625,9480,466.0,1,2,2,2,13,2,1,19,23,23,17,15,7,28,1,8,1,6,9,1,1,30,17,14,2,4,430.90909090909093,96.86363636363636,183.1818181818182,36.36363636363637,24.227272727272727,46.5,106.18181818181819,24.181818181818183,898.7416666666667,0.43454545454545457,0.242,0.4973181818181818,2021-22
1610612748,Miami Heat,82,53,29,0.646,3971.0,3246,6954,0.467,1114,2936,0.379,1416,1753,0.808,807,2778,3585,2090,1194.0,606,265,330,1679,1686,9022,365.0,1,3,3,3,5,22,28,13,6,14,1,12,19,5,18,18,22,8,28,16,30,4,25,3,17,6,433.1904761904762,100.28571428571429,172.52380952380952,29.238095238095237,12.761904761904763,54.57142857142857,81.9047619047619,28.0,961.4270634920636,0.4405714285714286,0.3028571428571429,0.7688095238095238,2021-22
1610612749,Milwaukee Bucks,82,51,31,0.622,3951.0,3429,7331,0.468,1153,3151,0.366,1459,1881,0.776,840,2990,3830,1960,1100.0,623,326,357,1494,1612,9470,275.0,1,6,6,6,19,6,8,12,4,5,5,8,10,15,15,1,2,18,12,13,27,9,3,17,3,7,504.1578947368421,104.84210526315789,203.47368421052633,33.26315789473684,19.05263157894737,55.578947368421055,82.26315789473684,28.31578947368421,1046.5543859649122,0.44157894736842107,0.3494736842105263,0.6894736842105263,2021-22
1610612750,Minnesota Timberwolves,82,46,36,0.561,3956.0,3411,7458,0.457,1211,3386,0.358,1474,1894,0.778,921,2700,3621,2106,1175.0,721,460,397,1786,1715,9507,216.0,1,12,12,12,13,10,5,22,1,1,12,4,8,14,6,25,16,7,21,3,3,19,29,2,1,9,562.0,124.23529411764706,215.2941176470588,42.64705882352941,27.294117647058822,66.52941176470588,64.29411764705883,24.88235294117647,1169.9917647058824,0.4677647058823529,0.31358823529411767,0.7055294117647058,2021-22
1610612740,New Orleans Pelicans,82,36,46,0.439,3951.0,3294,7212,0.457,873,2629,0.332,1501,1903,0.789,981,2726,3707,2047,1153.0,680,328,391,1612,1681,8962,-81.0,1,20,20,20,19,19,16,23,28,24,27,2,6,10,3,24,11,13,17,7,26,16,14,4,21,21,489.55555555555554,107.05555555555556,202.27777777777777,36.94444444444444,18.77777777777778,56.611111111111114,-21.38888888888889,26.38888888888889,1077.0008333333333,0.4494444444444444,0.31122222222222223,0.756,2021-22
1610612752,New York Knicks,82,37,45,0.451,3956.0,3088,7069,0.437,1082,3029,0.357,1473,1980,0.744,941,2841,3782,1793,1087.0,570,399,379,1672,1671,8731,-10.0,1,19,19,19,13,30,24,27,9,10,13,5,2,26,4,11,4,30,10,27,13,13,23,5,26,19,432.85714285714283,87.04761904761905,183.04761904761904,28.714285714285715,19.476190476190474,50.285714285714285,-8.095238095238095,26.38095238095238,974.3998412698413,0.3945714285714286,0.2473809523809524,0.5529999999999999,2021-22
1610612760,Oklahoma City Thunder,82,24,58,0.293,3961.0,3141,7310,0.43,991,3066,0.323,1233,1632,0.756,854,2887,3741,1822,1145.0,622,380,490,1497,1462,8506,-664.0,1,27,27,27,8,27,9,30,17,7,30,30,28,24,12,6,6,28,15,14,16,29,4,30,30,28,327.7692307692308,70.07692307692308,144.19230769230768,23.96153846153846,14.653846153846153,42.07692307692308,-129.57692307692307,24.192307692307693,763.5690384615384,0.4325769230769231,0.2866923076923077,0.6329999999999999,2021-22
1610612753,Orlando Magic,82,22,60,0.268,3956.0,3139,7240,0.434,999,3022,0.331,1270,1614,0.787,746,2885,3631,1947,1188.0,555,367,428,1612,1501,8547,-656.0,1,29,29,29,13,28,14,28,15,11,28,28,29,11,27,7,14,20,25,28,20,27,14,27,29,27,404.4761904761905,91.38095238095238,172.28571428571428,26.142857142857142,17.523809523809526,53.142857142857146,-149.42857142857142,24.571428571428573,928.4152380952381,0.42938095238095236,0.29595238095238097,0.6732857142857143,2021-22
1610612755,Philadelphia 76ers,82,51,31,0.622,3961.0,3230,6932,0.466,950,2608,0.364,1605,1955,0.821,700,2770,3470,1945,1027.0,633,435,379,1590,1594,9015,214.0,1,6,6,6,8,23,30,16,22,27,7,1,3,1,30,19,29,21,4,9,6,13,12,19,18,10,487.7894736842105,113.57894736842105,185.73684210526315,32.526315789473685,23.68421052631579,55.1578947368421,46.10526315789474,26.42105263157895,1041.6331578947368,0.4639473684210526,0.25078947368421056,0.6986842105263158,2021-22
1610612756,Phoenix Suns,82,64,18,0.78,3946.0,3581,7389,0.485,951,2616,0.364,1303,1635,0.797,801,2913,3714,2244,1060.0,702,359,327,1633,1553,9416,615.0,1,1,1,1,24,1,6,1,21,26,9,24,27,7,19,5,10,4,7,6,22,3,19,24,5,1,446.5,107.9090909090909,174.4090909090909,33.81818181818182,16.772727272727273,48.54545454545455,124.13636363636364,27.5,956.6653787878787,0.4093636363636364,0.25977272727272727,0.6785,2021-22
1610612757,Portland Trail Blazers,82,27,55,0.329,3946.0,3161,7144,0.442,1043,3017,0.346,1346,1771,0.76,854,2661,3515,1880,1187.0,657,366,409,1728,1589,8711,-728.0,1,25,25,25,24,26,19,26,13,12,23,21,16,22,12,27,27,26,24,8,21,23,28,21,27,30,349.8333333333333,89.45833333333333,153.20833333333334,26.791666666666668,13.791666666666666,51.416666666666664,-131.79166666666666,25.166666666666668,812.0679861111112,0.43520833333333336,0.26629166666666665,0.7334583333333334,2021-22
1610612758,Sacramento Kings,82,30,52,0.366,3961.0,3321,7223,0.46,937,2722,0.344,1466,1908,0.768,784,2737,3521,1943,1156.0,588,369,395,1552,1665,9045,-448.0,1,24,24,24,8,18,15,20,25,21,24,7,5,18,22,23,26,22,19,20,19,18,11,7,16,25,484.45,96.6,196.8,29.6,19.85,59.45,-106.75,26.05,1050.2366666666667,0.41464999999999996,0.27355,0.70185,2021-22
1610612759,San Antonio Spurs,82,34,48,0.415,3961.0,3546,7601,0.467,925,2626,0.352,1262,1673,0.754,901,2815,3716,2289,1043.0,626,403,403,1483,1553,9279,10.0,1,22,22,22,8,3,2,14,26,25,18,29,25,25,7,13,9,2,5,11,10,21,2,24,8,17,470.3333333333333,108.33333333333333,190.0,32.22222222222222,20.055555555555557,48.22222222222222,13.444444444444445,24.38888888888889,1028.1458333333333,0.41888888888888887,0.3343333333333333,0.6892222222222223,2021-22
1610612761,Toronto Raptors,82,48,34,0.585,3971.0,3332,7489,0.445,979,2808,0.349,1327,1749,0.759,1095,2622,3717,1809,1021.0,738,376,416,1607,1563,8970,188.0,1,10,10,10,5,14,4,25,19,19,20,23,21,23,2,30,8,29,2,2,17,25,13,23,20,12,466.45,95.0,193.45,38.65,19.5,50.15,45.55,24.95,1037.8169166666667,0.40085,0.2459,0.65575,2021-22
1610612762,Utah Jazz,82,49,33,0.598,3946.0,3327,7067,0.471,1192,3308,0.36,1470,1916,0.767,884,2916,3800,1836,1148.0,588,402,352,1547,1664,9316,495.0,1,9,9,9,24,15,25,6,2,2,11,6,4,20,10,3,3,27,16,20,11,8,10,8,7,3,486.8,92.2,196.0,30.95,21.1,57.25,108.85,27.5,1017.2744166666668,0.43594999999999995,0.23820000000000002,0.5545,2021-22
1610612764,Washington Wizards,82,35,47,0.427,3966.0,3327,7056,0.472,860,2512,0.342,1393,1778,0.783,737,2798,3535,2052,1077.0,522,406,344,1545,1634,8907,-277.0,1,21,21,21,7,15,26,5,30,29,26,15,15,12,28,14,23,12,8,30,8,7,9,12,22,23,358.7826086956522,82.73913043478261,143.30434782608697,22.17391304347826,18.608695652173914,43.30434782608695,-65.26086956521739,25.652173913043477,805.975,0.39373913043478265,0.233,0.6049565217391304,2021-22
1610612737,Atlanta Hawks,82,41,41,0.5,3971.0,3658,7574,0.483,882,2505,0.352,1513,1850,0.818,920,2719,3639,2049,1060.0,580,401,414,1541,1612,9711,24.0,1,17,17,17,8,1,3,9,26,28,21,16,20,3,9,12,10,18,3,18,12,21,6,19,3,18,590.2777777777778,118.88888888888889,222.55555555555554,36.05555555555556,24.27777777777778,60.22222222222222,-12.0,24.333333333333332,1207.4494444444445,0.4607777777777778,0.2387222222222222,0.7363333333333333,2022-23
1610612738,Boston Celtics,82,57,25,0.695,3996.0,3460,7278,0.475,1315,3492,0.377,1436,1769,0.812,796,2921,3717,2186,1095.0,521,430,318,1542,1568,9671,535.0,1,2,2,2,1,13,15,14,2,2,6,24,28,4,20,3,7,7,7,27,6,4,7,25,4,1,552.3333333333334,123.61111111111111,214.22222222222223,29.555555555555557,24.944444444444443,58.72222222222222,157.0,27.11111111111111,1145.1625,0.45655555555555555,0.3013888888888889,0.7170000000000001,2022-23
1610612751,Brooklyn Nets,82,45,37,0.549,3946.0,3399,6978,0.487,1048,2771,0.378,1449,1811,0.8,674,2648,3322,2093,1127.0,585,506,317,1730,1517,9295,70.0,1,9,9,9,29,21,28,7,9,13,5,19,25,7,29,20,29,13,14,16,1,3,25,28,20,15,469.95,110.0,177.75,33.15,25.8,51.6,1.8,26.7,1103.3103333333333,0.4525,0.30260000000000004,0.71975,2022-23
1610612766,Charlotte Hornets,82,27,55,0.329,3966.0,3385,7413,0.457,881,2669,0.33,1447,1932,0.749,901,2751,3652,2062,1164.0,634,425,471,1661,1667,9098,-512.0,1,27,27,27,12,22,6,29,27,18,29,20,17,27,12,10,9,17,17,9,8,29,17,13,27,27,461.11764705882354,102.76470588235294,167.52941176470588,31.41176470588235,21.235294117647058,56.23529411764706,-123.70588235294117,24.352941176470587,987.0755882352942,0.43929411764705883,0.33529411764705885,0.7687058823529411,2022-23
1610612741,Chicago Bulls,82,40,42,0.488,3981.0,3488,7116,0.49,854,2367,0.361,1446,1788,0.809,694,2779,3473,2006,1097.0,644,371,389,1551,1537,9276,106.0,1,19,19,19,4,11,21,4,30,30,16,21,26,5,28,9,22,20,8,7,19,18,8,27,22,13,547.4705882352941,117.3529411764706,210.76470588235293,39.76470588235294,23.352941176470587,61.0,23.176470588235293,26.470588235294116,1209.2218627450982,0.4755882352941177,0.3388235294117647,0.6998235294117647,2022-23
1610612739,Cleveland Cavaliers,82,51,31,0.622,3976.0,3408,6984,0.488,950,2589,0.367,1439,1844,0.78,795,2574,3369,2045,1094.0,586,384,360,1560,1675,9205,441.0,1,5,5,5,5,20,27,5,19,24,12,23,21,19,22,25,25,19,6,15,14,13,9,10,25,2,521.5882352941177,115.94117647058823,181.94117647058823,34.11764705882353,22.176470588235293,57.411764705882355,124.6470588235294,27.11764705882353,1123.6841176470589,0.4891176470588235,0.34523529411764703,0.7737647058823529,2022-23
1610612742,Dallas Mavericks,82,38,44,0.463,3986.0,3283,6909,0.475,1246,3362,0.371,1554,2057,0.755,625,2556,3181,1880,1002.0,514,304,312,1697,1789,9366,6.0,1,21,21,21,3,28,29,15,3,3,8,12,6,23,30,27,30,28,2,29,28,2,23,1,16,19,446.14285714285717,85.85714285714286,148.42857142857142,23.38095238095238,15.047619047619047,45.142857142857146,8.285714285714286,28.38095238095238,905.2457936507936,0.4988571428571429,0.3273809523809524,0.65,2022-23
1610612743,Denver Nuggets,82,53,29,0.646,3951.0,3574,7088,0.504,969,2559,0.379,1378,1834,0.751,828,2699,3527,2368,1192.0,618,368,344,1525,1601,9495,273.0,1,4,4,4,25,3,22,1,18,25,4,27,24,26,17,15,19,2,20,11,20,10,4,23,12,6,623.0,152.25,236.3125,39.3125,23.6875,73.1875,96.1875,27.4375,1302.088125,0.5131875,0.394,0.7130625,2022-23
1610612765,Detroit Pistons,82,17,65,0.207,3961.0,3244,7140,0.454,934,2659,0.351,1623,2106,0.771,916,2564,3480,1884,1237.0,574,308,453,1813,1718,9045,-674.0,1,30,30,30,18,29,19,30,20,19,22,4,2,21,10,26,21,27,25,20,27,27,30,3,29,29,442.7368421052632,96.6842105263158,171.42105263157896,27.894736842105264,15.052631578947368,60.31578947368421,-164.68421052631578,24.68421052631579,971.3351754385964,0.4514736842105263,0.2632105263157895,0.808,2022-23
1610612744,Golden State Warriors,82,44,38,0.537,3966.0,3538,7393,0.479,1363,3540,0.385,1314,1655,0.794,864,2793,3657,2446,1336.0,588,324,326,1756,1510,9753,148.0,1,11,11,11,12,5,8,12,1,1,2,29,30,9,14,7,8,1,30,14,25,6,28,30,2,11,568.7647058823529,144.35294117647058,213.11764705882354,35.35294117647059,18.705882352941178,75.58823529411765,51.23529411764706,27.11764705882353,1166.0655882352942,0.47817647058823526,0.3508823529411765,0.7699411764705882,2022-23
1610612745,Houston Rockets,82,22,60,0.268,3951.0,3329,7287,0.457,856,2619,0.327,1567,2078,0.754,1100,2695,3795,1835,1332.0,600,374,509,1679,1692,9081,-644.0,1,28,28,28,25,25,14,28,29,22,30,10,4,25,1,17,4,30,29,13,18,30,21,6,28,28,546.4666666666667,111.13333333333334,236.66666666666666,36.4,21.533333333333335,77.0,-190.46666666666667,23.333333333333332,1169.7896666666668,0.45239999999999997,0.29306666666666664,0.7622666666666668,2022-23
1610612754,Indiana Pacers,82,35,47,0.427,3951.0,3444,7345,0.469,1112,3030,0.367,1535,1944,0.79,832,2575,3407,2213,1224.0,631,478,438,1741,1660,9535,-261.0,1,23,23,23,25,17,11,22,6,7,11,14,14,13,16,24,24,6,23,10,2,26,27,14,10,25,544.5,128.44444444444446,194.61111111111111,36.111111111111114,26.27777777777778,66.5,-77.05555555555556,26.444444444444443,1143.8280555555555,0.45333333333333337,0.2968888888888889,0.7628333333333334,2022-23
1610612746,LA Clippers,82,44,38,0.537,3966.0,3370,7060,0.477,1041,2734,0.381,1533,1962,0.781,803,2742,3545,1959,1167.0,580,364,344,1598,1606,9314,41.0,1,11,11,11,12,23,24,13,10,14,3,15,11,18,19,11,17,24,18,18,21,10,10,21,18,17,608.5555555555555,144.0,236.22222222222223,37.0,23.833333333333332,77.27777777777777,-31.055555555555557,28.88888888888889,1266.965462962963,0.4637222222222222,0.3267777777777778,0.6707777777777778,2022-23
1610612747,Los Angeles Lakers,82,43,39,0.524,3976.0,3516,7298,0.482,885,2558,0.346,1691,2182,0.775,818,2930,3748,2072,1154.0,526,378,416,1466,1760,9608,47.0,1,14,14,14,5,8,13,10,24,26,25,2,1,20,18,2,6,15,15,26,16,23,1,2,6,16,582.8888888888889,120.11111111111111,221.27777777777777,33.166666666666664,21.38888888888889,63.833333333333336,11.222222222222221,26.27777777777778,1191.749351851852,0.4275,0.32816666666666666,0.6745555555555556,2022-23
1610612763,Memphis Grizzlies,82,51,31,0.622,3956.0,3585,7551,0.475,985,2807,0.351,1432,1954,0.733,988,2835,3823,2135,1116.0,680,473,427,1643,1644,9587,323.0,1,5,5,5,22,2,4,16,16,11,23,25,13,30,4,4,2,9,12,3,3,24,14,16,9,4,547.3333333333334,120.55555555555556,216.77777777777777,38.77777777777778,26.5,60.388888888888886,95.11111111111111,23.88888888888889,1136.7533333333333,0.46522222222222226,0.29177777777777775,0.6862222222222223,2022-23
1610612748,Miami Heat,82,44,38,0.537,3961.0,3215,6991,0.46,980,2852,0.344,1567,1885,0.831,796,2533,3329,1955,1106.0,655,243,309,1516,1643,8977,-26.0,1,11,11,11,18,30,26,26,17,10,27,10,19,2,20,29,27,25,9,6,30,1,3,17,30,21,536.8823529411765,118.0,205.05882352941177,38.05882352941177,13.588235294117647,62.94117647058823,5.411764705882353,28.41176470588235,1184.9476470588236,0.4615294117647059,0.2863529411764706,0.8086470588235294,2022-23
1610612749,Milwaukee Bucks,82,58,24,0.707,3966.0,3504,7411,0.473,1217,3306,0.368,1364,1837,0.743,914,3074,3988,2115,1199.0,521,403,323,1481,1557,9589,298.0,1,1,1,1,12,10,7,19,4,4,10,28,23,29,11,1,1,12,22,27,11,5,2,26,8,5,525.2222222222222,117.27777777777777,212.05555555555554,27.61111111111111,21.77777777777778,62.388888888888886,88.94444444444444,30.166666666666668,1063.1328703703703,0.45288888888888884,0.34450000000000003,0.7887222222222222,2022-23
1610612750,Minnesota Timberwolves,82,42,40,0.512,3966.0,3515,7167,0.49,997,2731,0.365,1467,1942,0.755,749,2686,3435,2145,1258.0,657,444,336,1768,1654,9494,-3.0,1,15,15,15,12,9,18,3,14,15,13,18,16,24,26,18,23,8,27,5,4,8,29,15,13,20,514.5,123.38888888888889,191.61111111111111,37.05555555555556,24.833333333333332,65.94444444444444,3.2222222222222223,25.88888888888889,1110.161851851852,0.4766666666666667,0.3247222222222222,0.7917777777777778,2022-23
1610612740,New Orleans Pelicans,82,42,40,0.512,3971.0,3447,7180,0.48,899,2468,0.364,1585,2000,0.793,866,2717,3583,2122,1196.0,681,337,386,1678,1673,9378,155.0,1,15,15,15,8,16,17,11,23,29,15,8,10,11,13,13,13,11,21,2,24,17,20,12,15,10,598.6875,133.9375,226.875,43.1875,21.125,74.0625,38.25,26.1875,1252.5376041666666,0.4790625,0.3205,0.7345,2022-23
1610612752,New York Knicks,82,47,35,0.573,3991.0,3444,7328,0.47,1037,2930,0.354,1589,2087,0.761,1031,2790,3821,1880,1065.0,527,340,370,1666,1694,9514,240.0,1,8,8,8,2,17,12,20,11,8,19,7,3,22,3,8,3,28,4,25,23,14,18,5,11,7,639.0625,134.875,271.25,36.6875,22.0,69.625,74.6875,25.25,1376.4176041666667,0.4615625,0.2859375,0.687875,2022-23
1610612760,Oklahoma City Thunder,82,40,42,0.488,3971.0,3533,7590,0.465,995,2797,0.356,1572,1944,0.809,934,2646,3580,2002,1070.0,676,341,454,1722,1675,9633,89.0,1,19,19,19,8,6,2,24,15,12,17,9,14,6,8,21,14,21,5,4,22,28,24,10,5,14,579.625,123.625,213.3125,40.3125,18.625,62.875,19.25,23.1875,1183.6394791666667,0.457375,0.349375,0.702,2022-23
1610612753,Orlando Magic,82,34,48,0.415,3956.0,3323,7074,0.47,883,2551,0.346,1607,2050,0.784,833,2713,3546,1906,1236.0,603,382,415,1652,1681,9136,-210.0,1,25,25,25,22,26,23,21,25,27,24,6,8,16,15,14,16,26,24,12,15,22,16,7,26,24,496.0,105.52941176470588,193.35294117647058,32.88235294117647,20.11764705882353,65.29411764705883,-57.35294117647059,24.058823529411764,1058.6303921568629,0.4726470588235294,0.3720588235294118,0.7445294117647059,2022-23
1610612755,Philadelphia 76ers,82,54,28,0.659,3976.0,3347,6870,0.487,1035,2675,0.387,1719,2058,0.835,715,2641,3356,2063,1121.0,635,389,380,1675,1607,9448,354.0,1,3,3,3,5,24,30,6,12,16,1,1,5,1,27,22,26,16,13,8,13,16,19,20,14,3,559.8888888888889,120.27777777777777,204.0,36.72222222222222,23.22222222222222,63.333333333333336,79.11111111111111,27.055555555555557,1173.1014814814816,0.46416666666666667,0.3276666666666667,0.6976666666666667,2022-23
1610612756,Phoenix Suns,82,45,37,0.549,3956.0,3453,7388,0.467,1001,2674,0.374,1412,1781,0.793,971,2657,3628,2235,1110.0,585,432,327,1739,1629,9319,170.0,1,9,9,9,22,15,9,23,13,17,7,26,27,10,5,19,11,4,11,16,5,7,26,18,17,9,600.0,138.25,230.1875,36.125,29.5625,69.5,54.0625,28.4375,1236.6066666666666,0.463625,0.3350625,0.760875,2022-23
1610612757,Portland Trail Blazers,82,33,49,0.402,3946.0,3317,7001,0.474,1056,2893,0.365,1609,2021,0.796,774,2551,3325,1981,1185.0,553,376,352,1643,1679,9299,-329.0,1,26,26,26,29,27,25,17,8,9,14,5,9,8,24,28,28,22,19,24,17,12,14,8,19,26,440.23809523809524,85.19047619047619,145.38095238095238,26.095238095238095,18.952380952380953,51.38095238095238,-86.19047619047619,24.476190476190474,918.9872222222223,0.4541904761904762,0.3235238095238095,0.6443809523809524,2022-23
1610612758,Sacramento Kings,82,48,34,0.585,3966.0,3573,7232,0.494,1128,3060,0.369,1624,2055,0.79,782,2699,3481,2237,1106.0,574,275,341,1616,1711,9898,217.0,1,7,7,7,12,4,16,2,5,6,9,3,7,12,23,15,20,3,9,20,29,9,11,4,1,8,495.65,111.95,174.75,28.85,13.8,54.0,54.4,26.1,995.4753333333334,0.45585000000000003,0.28769999999999996,0.6063500000000001,2022-23
1610612759,San Antonio Spurs,82,22,60,0.268,3971.0,3533,7593,0.465,911,2640,0.345,1292,1739,0.743,965,2619,3584,2232,1253.0,572,322,431,1630,1516,9269,-823.0,1,28,28,28,8,6,1,25,22,20,26,30,29,28,7,23,12,5,26,22,26,25,12,29,23,30,401.9047619047619,97.85714285714286,147.33333333333334,24.666666666666668,12.952380952380953,50.57142857142857,-169.95238095238096,24.19047619047619,875.3264285714286,0.4581904761904762,0.309,0.7322380952380952,2022-23
1610612761,Toronto Raptors,82,41,41,0.5,3961.0,3434,7489,0.459,880,2626,0.335,1506,1922,0.784,1043,2485,3528,1961,956.0,772,424,376,1641,1604,9254,121.0,1,17,17,17,18,19,5,27,28,21,28,17,18,17,2,30,18,23,1,1,9,15,13,22,24,12,559.3333333333334,121.61111111111111,223.66666666666666,45.55555555555556,26.72222222222222,58.5,11.0,26.38888888888889,1200.7539814814816,0.4503333333333333,0.28200000000000003,0.7210555555555556,2022-23
1610612762,Utah Jazz,82,37,45,0.451,3961.0,3485,7365,0.473,1094,3099,0.353,1536,1955,0.786,968,2794,3762,2129,1259.0,500,429,405,1679,1679,9600,-77.0,1,22,22,22,18,12,10,18,7,5,20,13,12,14,6,6,5,10,28,30,7,19,21,8,7,22,394.25,76.0,155.85,17.5,20.15,50.15,-19.25,25.9,792.2265833333333,0.4569,0.29155,0.648,2022-23
1610612764,Washington Wizards,82,35,47,0.427,3951.0,3456,7127,0.485,925,2601,0.356,1442,1838,0.785,774,2804,3578,2083,1158.0,561,424,406,1539,1590,9279,-99.0,1,23,23,23,25,14,20,8,21,23,18,22,22,15,24,5,15,14,16,23,9,20,5,24,21,23,442.65,99.4,169.4,27.3,20.25,52.3,-16.2,26.1,940.4741666666666,0.4617,0.30935,0.6794,2022-23
1610612737,Atlanta Hawks,82,36,46,0.439,3971.0,3529,7584,0.465,1125,3092,0.364,1520,1906,0.797,1024,2639,3663,2180,1110.0,615,369,461,1522,1594,9703,-179.0,1,21,21,21,3,10,2,21,6,7,17,5,7,8,3,22,6,16,16,16,26,22,15,7,5,21,537.0555555555555,120.72222222222223,202.61111111111111,33.666666666666664,20.444444444444443,57.666666666666664,-47.166666666666664,25.555555555555557,1093.7894444444444,0.4381111111111111,0.3013888888888889,0.7396666666666667,2023-24
1610612738,Boston Celtics,82,64,18,0.78,3966.0,3601,7396,0.487,1351,3482,0.388,1334,1654,0.807,876,2923,3799,2207,979.0,557,538,304,1326,1416,9887,930.0,1,1,1,1,7,4,8,8,1,1,2,19,26,7,14,1,2,14,1,27,1,1,2,30,2,1,594.7058823529412,133.64705882352942,232.23529411764707,36.05882352941177,33.88235294117647,56.470588235294116,261.88235294117646,26.470588235294116,1212.6254901960783,0.4925294117647058,0.38388235294117645,0.7131764705882353,2023-24
1610612751,Brooklyn Nets,82,32,50,0.39,3961.0,3334,7307,0.456,1089,3010,0.362,1293,1711,0.756,938,2675,3613,2102,1076.0,556,424,409,1516,1496,9050,-237.0,1,22,22,22,10,25,16,28,9,9,19,23,20,28,7,20,11,20,12,28,12,16,13,21,25,22,504.05555555555554,119.38888888888889,194.0,32.22222222222222,23.11111111111111,56.44444444444444,-75.33333333333333,24.88888888888889,1103.1632407407405,0.44722222222222224,0.30738888888888893,0.7264444444444444,2023-24
1610612766,Charlotte Hornets,82,21,61,0.256,3946.0,3281,7133,0.46,989,2788,0.355,1189,1512,0.786,765,2538,3303,2033,1129.0,562,371,396,1472,1432,8740,-840.0,1,27,27,27,23,27,25,26,23,17,21,30,30,11,27,29,30,26,18,25,25,13,7,29,28,30,353.09090909090907,82.5,141.13636363636363,23.363636363636363,16.0,44.5,-152.5909090909091,25.045454545454547,850.682803030303,0.44313636363636366,0.2827727272727273,0.7692272727272726,2023-24
1610612741,Chicago Bulls,82,39,43,0.476,3996.0,3448,7339,0.47,941,2630,0.358,1369,1731,0.791,916,2677,3593,2048,1004.0,638,394,404,1541,1538,9206,-118.0,1,20,20,20,1,16,13,18,27,26,20,17,18,10,8,19,14,23,3,9,18,14,17,14,22,20,511.44444444444446,113.77777777777777,199.61111111111111,35.44444444444444,21.88888888888889,53.166666666666664,-32.77777777777778,26.5,1110.0,0.43927777777777777,0.2792777777777778,0.6910555555555555,2023-24
1610612739,Cleveland Cavaliers,82,48,34,0.585,3961.0,3425,7147,0.479,1108,3016,0.367,1278,1671,0.765,807,2742,3549,2299,1112.0,605,380,410,1436,1536,9236,198.0,1,11,11,11,10,19,24,12,7,8,15,26,24,22,22,11,17,8,17,19,21,17,5,16,20,13,526.8333333333334,129.16666666666666,203.22222222222223,34.333333333333336,21.72222222222222,59.111111111111114,54.5,26.666666666666668,1135.6567592592592,0.4591111111111111,0.32905555555555555,0.605111111111111,2023-24
1610612742,Dallas Mavericks,82,50,32,0.61,3941.0,3535,7352,0.481,1197,3242,0.369,1397,1842,0.758,797,2724,3521,2106,1027.0,563,406,331,1500,1667,9664,181.0,1,6,6,6,26,9,12,11,3,2,13,15,11,27,23,14,21,19,4,24,17,2,10,2,7,14,533.8947368421053,112.94736842105263,200.89473684210526,31.63157894736842,26.105263157894736,53.8421052631579,24.94736842105263,25.894736842105264,1066.4007894736842,0.4856315789473684,0.2890526315789474,0.7031578947368421,2023-24
1610612743,Denver Nuggets,82,57,25,0.695,3941.0,3610,7279,0.496,958,2560,0.374,1240,1628,0.762,881,2762,3643,2415,1036.0,585,456,394,1489,1467,9418,431.0,1,2,2,2,26,3,17,4,25,30,10,29,29,25,13,9,7,3,5,21,10,12,9,26,14,4,554.0,142.05882352941177,214.2941176470588,34.411764705882355,26.823529411764707,56.88235294117647,126.76470588235294,27.058823529411764,1159.1176470588234,0.47852941176470587,0.33247058823529413,0.7072352941176471,2023-24
1610612765,Detroit Pistons,82,14,68,0.171,3951.0,3353,7236,0.463,906,2602,0.348,1398,1780,0.785,861,2692,3553,2088,1248.0,531,384,490,1688,1457,9010,-747.0,1,30,30,30,21,24,20,24,29,27,26,14,15,12,15,18,16,22,28,30,20,25,28,28,27,28,369.875,90.75,155.625,24.541666666666668,16.291666666666668,51.416666666666664,-142.70833333333334,24.916666666666668,873.2768055555556,0.42366666666666664,0.2824166666666667,0.7396250000000001,2023-24
1610612744,Golden State Warriors,82,46,36,0.561,3966.0,3582,7515,0.477,1211,3191,0.38,1282,1644,0.78,996,2834,3830,2402,1174.0,572,377,407,1598,1471,9657,214.0,1,16,16,16,7,5,3,13,2,4,7,24,27,17,5,4,1,4,23,23,23,15,22,24,8,12,536.5,133.44444444444446,212.77777777777777,31.77777777777778,20.944444444444443,62.44444444444444,59.44444444444444,27.88888888888889,1101.6666666666667,0.4617222222222222,0.27149999999999996,0.6863333333333332,2023-24
1610612745,Houston Rockets,82,41,41,0.5,3971.0,3425,7459,0.459,1043,2964,0.352,1482,1916,0.773,940,2787,3727,2035,1045.0,639,375,482,1702,1609,9375,92.0,1,19,19,19,3,19,5,27,14,12,23,9,5,20,6,6,3,25,8,8,24,24,29,6,16,18,551.4705882352941,119.70588235294117,219.23529411764707,37.588235294117645,22.058823529411764,58.88235294117647,27.058823529411764,26.352941176470587,1167.9411764705883,0.47958823529411765,0.3038235294117647,0.7764117647058824,2023-24
1610612754,Indiana Pacers,82,47,35,0.573,3941.0,3855,7599,0.507,1082,2891,0.374,1318,1685,0.782,827,2578,3405,2522,1059.0,631,481,440,1756,1501,10110,250.0,1,12,12,12,26,1,1,1,11,15,9,21,22,13,20,28,28,1,9,11,8,21,30,20,1,9,563.0,139.55555555555554,185.83333333333334,32.77777777777778,25.166666666666668,55.44444444444444,52.666666666666664,25.555555555555557,1069.572222222222,0.4591111111111111,0.25433333333333336,0.7478888888888888,2023-24
1610612746,LA Clippers,82,51,31,0.622,3941.0,3473,7108,0.489,1036,2719,0.381,1499,1817,0.825,822,2701,3523,2097,1078.0,640,413,384,1519,1537,9481,269.0,1,5,5,5,26,14,26,6,16,21,6,8,12,3,21,17,19,21,13,7,15,9,14,15,12,7,525.6666666666666,115.77777777777777,195.5,35.111111111111114,22.666666666666668,55.666666666666664,74.0,28.77777777777778,1090.2785185185185,0.4668333333333334,0.27161111111111114,0.7329444444444444,2023-24
1610612747,Los Angeles Lakers,82,47,35,0.573,3971.0,3580,7177,0.499,969,2572,0.377,1550,1983,0.782,676,2859,3535,2340,1146.0,605,453,390,1283,1619,9679,49.0,1,12,12,12,3,6,22,2,24,28,8,2,2,15,30,2,18,5,19,19,11,11,1,4,6,19,550.2105263157895,142.26315789473685,197.42105263157896,34.63157894736842,24.63157894736842,62.36842105263158,7.2105263157894735,26.526315789473685,1143.377894736842,0.4420526315789474,0.26442105263157895,0.7173157894736842,2023-24
1610612763,Memphis Grizzlies,82,27,55,0.329,3956.0,3145,7229,0.435,1071,3097,0.346,1316,1722,0.764,896,2598,3494,2025,1236.0,673,501,535,1563,1539,8677,-574.0,1,24,24,24,17,30,21,30,12,6,29,22,19,23,10,27,24,27,26,4,4,30,20,13,30,26,307.53846153846155,68.07692307692308,117.46153846153847,23.115384615384617,16.653846153846153,40.73076923076923,-90.6923076923077,25.576923076923077,666.4966025641025,0.41473076923076924,0.27834615384615385,0.6518461538461539,2023-24
1610612748,Miami Heat,82,46,36,0.561,3951.0,3266,7022,0.465,1022,2765,0.37,1478,1806,0.818,766,2702,3468,2116,1038.0,617,280,388,1415,1550,9032,144.0,1,16,16,16,21,28,28,22,19,18,12,10,13,5,26,16,26,18,6,15,30,10,4,11,26,16,480.5,113.15,176.75,32.7,14.3,50.0,16.35,27.4,1022.0359166666667,0.43565,0.33330000000000004,0.83125,2023-24
1610612749,Milwaukee Bucks,82,49,33,0.598,3961.0,3538,7258,0.487,1163,3122,0.373,1517,1960,0.774,772,2850,3622,2176,1059.0,558,413,347,1574,1576,9756,215.0,1,8,8,8,10,8,19,7,5,5,11,7,3,19,24,3,9,17,9,26,15,3,21,9,4,11,528.0526315789474,119.21052631578948,200.21052631578948,30.31578947368421,22.94736842105263,55.421052631578945,56.421052631578945,28.68421052631579,1082.0950877192984,0.45821052631578946,0.3294736842105263,0.7216315789473684,2023-24
1610612750,Minnesota Timberwolves,82,56,26,0.683,3961.0,3383,6974,0.485,1037,2681,0.387,1461,1881,0.777,770,2807,3577,2184,1162.0,647,497,371,1544,1630,9264,529.0,1,4,4,4,10,23,29,10,15,23,3,11,8,18,25,5,15,15,22,6,5,5,18,3,18,3,527.0,123.94117647058823,203.88235294117646,36.705882352941174,28.88235294117647,61.8235294117647,157.05882352941177,26.235294117647058,1116.0424509803922,0.456,0.296,0.6445294117647059,2023-24
1610612740,New Orleans Pelicans,82,49,33,0.598,3941.0,3484,7165,0.486,1023,2673,0.383,1445,1873,0.771,852,2753,3605,2210,1067.0,684,378,424,1508,1507,9436,362.0,1,8,8,8,26,12,23,9,18,24,4,13,9,21,17,10,13,13,11,3,22,19,11,18,13,6,494.3157894736842,115.36842105263158,189.0,35.73684210526316,19.842105263157894,53.1578947368421,96.26315789473684,25.842105263157894,1029.5494736842104,0.39473684210526316,0.2997894736842105,0.6646315789473685,2023-24
1610612752,New York Knicks,82,50,32,0.61,3946.0,3385,7272,0.465,1083,2936,0.369,1396,1789,0.78,1039,2665,3704,1998,1085.0,612,336,431,1447,1565,9249,376.0,1,6,6,6,23,22,18,20,10,13,14,16,14,16,1,21,5,29,15,17,29,20,6,10,19,5,518.8947368421053,110.6842105263158,205.6315789473684,34.36842105263158,19.05263157894737,57.526315789473685,68.36842105263158,27.157894736842106,1094.2197368421052,0.43073684210526314,0.2424736842105263,0.5958421052631578,2023-24
1610612760,Oklahoma City Thunder,82,57,25,0.695,3961.0,3653,7324,0.499,1090,2805,0.389,1451,1759,0.825,722,2725,3447,2223,1039.0,694,538,419,1545,1548,9847,608.0,1,2,2,2,10,2,15,3,8,16,1,12,17,4,29,12,27,11,7,1,1,18,19,12,3,2,572.2777777777778,128.5,210.61111111111111,40.22222222222222,32.72222222222222,57.5,147.88888888888889,25.22222222222222,1177.6535185185185,0.45722222222222225,0.34688888888888886,0.6833888888888889,2023-24
1610612753,Orlando Magic,82,47,35,0.573,3956.0,3318,6964,0.476,903,2568,0.352,1519,2002,0.759,861,2608,3469,2023,1206.0,669,423,379,1618,1710,9058,166.0,1,12,12,12,17,26,30,15,30,29,24,6,1,26,15,25,25,28,24,5,13,7,23,1,24,15,503.22222222222223,112.38888888888889,192.72222222222223,37.166666666666664,23.5,62.77777777777778,46.111111111111114,25.0,1098.888888888889,0.46638888888888885,0.30461111111111117,0.6421666666666667,2023-24
1610612755,Philadelphia 76ers,82,47,35,0.573,3956.0,3404,7331,0.464,992,2733,0.363,1597,1934,0.826,906,2616,3522,2041,984.0,694,492,503,1668,1519,9397,250.0,1,12,12,12,17,21,14,23,22,19,18,1,4,2,9,23,20,24,2,1,6,27,27,17,15,9,474.4761904761905,106.76190476190476,169.85714285714286,35.42857142857143,24.095238095238095,46.38095238095238,69.28571428571429,28.333333333333332,999.4480952380952,0.4280952380952381,0.362,0.6596666666666666,2023-24
1610612756,Phoenix Suns,82,49,33,0.598,3956.0,3482,7063,0.493,1020,2671,0.382,1548,1915,0.808,831,2783,3614,2218,1221.0,610,492,372,1475,1612,9532,251.0,1,8,8,8,17,13,27,5,20,25,5,3,6,6,19,7,10,12,25,18,6,6,8,5,10,8,545.8888888888889,131.55555555555554,209.38888888888889,34.5,27.27777777777778,66.83333333333333,59.55555555555556,28.38888888888889,1150.4010185185186,0.46744444444444444,0.34833333333333333,0.7062777777777778,2023-24
1610612757,Portland Trail Blazers,82,21,61,0.256,3976.0,3227,7356,0.439,939,2723,0.345,1329,1680,0.791,1036,2469,3505,1894,1249.0,627,354,528,1654,1467,8722,-740.0,1,27,27,27,2,29,10,29,28,20,30,20,23,9,2,30,22,30,29,12,27,28,26,26,29,27,453.42105263157896,96.3157894736842,183.3684210526316,32.421052631578945,18.57894736842105,61.31578947368421,-187.57894736842104,24.473684210526315,1031.1487719298245,0.44784210526315793,0.25921052631578945,0.7201578947368421,2023-24
1610612758,Sacramento Kings,82,46,36,0.561,3971.0,3553,7455,0.477,1178,3219,0.366,1274,1710,0.745,888,2719,3607,2324,1078.0,625,342,370,1632,1504,9558,143.0,1,16,16,16,3,7,6,14,4,3,16,27,21,30,12,15,12,7,13,13,28,4,24,19,9,17,477.9,116.2,180.4,31.25,17.1,51.45,35.9,26.7,992.8841666666667,0.4657,0.29545,0.63405,2023-24
1610612759,San Antonio Spurs,82,22,60,0.268,3966.0,3438,7436,0.462,1036,2983,0.347,1280,1637,0.782,849,2778,3627,2449,1242.0,584,520,380,1414,1470,9192,-532.0,1,26,26,26,7,18,7,25,16,11,28,25,28,14,18,8,8,2,27,22,3,8,3,25,23,25,495.22222222222223,133.22222222222223,199.22222222222223,31.833333333333332,28.72222222222222,65.66666666666667,-140.61111111111111,23.5,1065.062222222222,0.48005555555555557,0.2988333333333333,0.7037777777777777,2023-24
1610612761,Toronto Raptors,82,25,57,0.305,3961.0,3466,7356,0.471,942,2712,0.347,1339,1772,0.756,891,2607,3498,2335,1147.0,634,388,474,1509,1487,9213,-528.0,1,25,25,25,10,15,10,16,26,22,27,18,16,29,11,26,23,6,20,10,19,23,12,22,21,24,385.82608695652175,91.91304347826087,151.52173913043478,26.47826086956522,17.304347826086957,46.30434782608695,-109.34782608695652,25.956521739130434,843.5372463768116,0.3952173913043478,0.2558695652173913,0.6882173913043479,2023-24
1610612762,Utah Jazz,82,31,51,0.378,3961.0,3443,7371,0.467,1060,2993,0.354,1538,1853,0.83,1002,2725,3727,2232,1285.0,537,458,528,1523,1577,9484,-401.0,1,23,23,23,10,17,9,19,13,10,22,4,10,1,4,12,3,10,30,29,9,28,16,8,11,23,469.1111111111111,107.05555555555556,178.0,25.055555555555557,22.38888888888889,59.94444444444444,-103.72222222222223,24.22222222222222,938.0612962962963,0.45933333333333337,0.2942222222222222,0.741111111111111,2023-24
1610612764,Washington Wizards,82,15,67,0.183,3946.0,3523,7493,0.47,1015,2915,0.348,1266,1657,0.764,755,2613,3368,2290,1147.0,623,415,496,1637,1473,9327,-762.0,1,29,29,29,23,11,4,17,21,14,25,28,25,24,28,24,29,9,20,14,14,26,25,23,17,29,484.94444444444446,117.55555555555556,165.61111111111111,29.61111111111111,17.77777777777778,58.833333333333336,-196.16666666666666,24.833333333333332,1000.4093518518517,0.4660555555555555,0.31622222222222224,0.7023333333333333,2023-24
